file,mode,model,tag,AP,AP50,AP_small,AR_small,mean_ms,slices,slice_size,overlap,with_full,n_max
D:\Abubakar Data\Research\results\baselines\dfine_n_full.json,full,dfine_n,dfine_n_full,0.1052391461479468,0.16241008075196267,0.012136159273261664,0.02637959866220736,424.29235599949607,0.0,,,,
D:\Abubakar Data\Research\results\baselines\yolov11n_full.json,full,yolov11n,yolov11n_full,0.24719932358149088,0.3855901956090611,0.15530207446671504,0.20833501329201165,306.6801432481667,0.0,,,,
D:\Abubakar Data\Research\results\baselines\yolov11s_full.json,full,yolov11s,yolov11s_full,0.2923804067460643,0.4446218258330816,0.2009694745883444,0.26270321983979517,673.4989003649906,0.0,,,,
D:\Abubakar Data\Research\results\baselines\yolov8n_full.json,full,yolov8n,yolov8n_full,0.251943519594018,0.400418366316194,0.19287474209325445,0.2471323293927219,516.5888812502999,0.0,,,,
D:\Abubakar Data\Research\results\baselines\yolov8s_full.json,full,yolov8s,yolov8s_full,0.29538998807960365,0.4545344293997984,0.20446418769933558,0.2688075312431029,923.2686941606025,0.0,,,,
D:\Abubakar Data\Research\results\sahi\yolov11n_s512_o0.2_full1.json,sahi,yolov11n,yolov11n_s512_o0.2_full1,0.24797685483500814,0.40630205497588684,0.17707126784532806,0.26672344175878465,4249.0787359998285,4.48,512.0,0.2,True,
D:\Abubakar Data\Research\results\sahi\yolov11s_s512_o0.2_full1.json,sahi,yolov11s,yolov11s_s512_o0.2_full1,0.3028986972473859,0.46389369162938476,0.21478270733811908,0.31322663137583195,10534.455440000165,4.48,512.0,0.2,True,
D:\Abubakar Data\Research\results\sahi\yolov8n_s384_o0.2_full1.json,sahi,yolov8n,yolov8n_s384_o0.2_full1,0.21812987822677515,0.35895225155267,0.1247649450654996,0.21609103855247702,5848.919304000046,8.28,384.0,0.2,True,
D:\Abubakar Data\Research\results\sahi\yolov8n_s512_o0.1_full1.json,sahi,yolov8n,yolov8n_s512_o0.1_full1,0.2534479925492693,0.41058449784262274,0.1490646081116437,0.21440203347300138,3867.808511999974,3.66,512.0,0.1,True,
D:\Abubakar Data\Research\results\sahi\yolov8n_s512_o0.2_full0.json,sahi,yolov8n,yolov8n_s512_o0.2_full0,0.17794014222846097,0.29425037409996335,0.1473118320066311,0.22718023641345084,3825.637540000025,3.48,512.0,0.2,False,
D:\Abubakar Data\Research\results\sahi\yolov8n_s512_o0.2_full1.json,sahi,yolov8n,yolov8n_s512_o0.2_full1,0.2337909010059894,0.39700771542269275,0.17725033315772973,0.2695183865035979,5743.0904483576505,3.9525547445255476,512.0,0.2,True,
D:\Abubakar Data\Research\results\sahi\yolov8n_s512_o0.3_full1.json,sahi,yolov8n,yolov8n_s512_o0.3_full1,0.24203817087074225,0.3962588415438144,0.15352374943333832,0.24697723162383278,3836.1937199999375,4.48,512.0,0.3,True,
D:\Abubakar Data\Research\results\sahi\yolov8n_s640_o0.2_full1.json,sahi,yolov8n,yolov8n_s640_o0.2_full1,0.26290477042293625,0.40806651443448844,0.2040611463362941,0.28557099983069845,2617.3184159999073,2.76,640.0,0.2,True,
D:\Abubakar Data\Research\results\sahi\yolov8n_s768_o0.2_full1.json,sahi,yolov8n,yolov8n_s768_o0.2_full1,0.28389693151816076,0.431114468386969,0.1889312779047935,0.2391896525483666,1661.4145540001846,2.18,768.0,0.2,True,
D:\Abubakar Data\Research\results\sahi\yolov8s_s512_o0.2_full1.json,sahi,yolov8s,yolov8s_s512_o0.2_full1,0.29993495811291954,0.45948452488105285,0.20037819624652348,0.31319726147931226,11924.606366000044,4.48,512.0,0.2,True,
D:\Abubakar Data\Research\results\das\yolov8n_das_n12.json,das,yolov8n,yolov8n_das_n12,0.2332953269038222,0.3617989923399153,0.12778964085195543,0.216264948412132,9012.078899999942,10.28,,,,12.0
D:\Abubakar Data\Research\results\das\yolov8n_das_n2.json,das,yolov8n,yolov8n_das_n2,0.27250042974771094,0.3982313038861174,0.13856346503066774,0.1902499810792069,2814.389834000176,2.0,,,,2.0
D:\Abubakar Data\Research\results\das\yolov8n_das_n4.json,das,yolov8n,yolov8n_das_n4,0.2491997294252991,0.374597271208704,0.1289780111684843,0.19705472855246636,4229.328653999946,3.98,,,,4.0
D:\Abubakar Data\Research\results\das\yolov8n_das_n4_fullval.json,das,yolov8n,yolov8n_das_n4_fullval,0.21615358837236953,0.3478941277635642,0.13072772888786882,0.2217293608984052,2182.639265510971,3.9835766423357666,,,,4.0
D:\Abubakar Data\Research\results\das\yolov8n_das_n4_smoke.json,das,yolov8n,yolov8n_das_n4_smoke,0.14676670687093032,0.19941000622520827,0.07864660437076663,0.08694184241689275,2096.5096600002653,4.0,,,,4.0
D:\Abubakar Data\Research\results\das\yolov8n_das_n4_smoke2.json,das,yolov8n,yolov8n_das_n4_smoke2,0.21574744274143706,0.33744775384458325,0.14376899859142256,0.17497547400088623,2346.2480800000776,4.0,,,,4.0
D:\Abubakar Data\Research\results\das\yolov8n_das_n6.json,das,yolov8n,yolov8n_das_n6,0.1892243051782955,0.33119291688504104,0.11546203936795303,0.22528972913662468,3541.7891314998997,5.86,,,,6.0
D:\Abubakar Data\Research\results\das\yolov8n_das_n6_domainshift.json,das,yolov8n,yolov8n_das_n6_domainshift,0.2041954686097877,0.3395625325058396,0.16085168494455174,0.2546605949451635,3247.4149012496127,5.9875,,,,6.0
D:\Abubakar Data\Research\results\das\yolov8n_das_n6_fullval.json,das,yolov8n,yolov8n_das_n6_fullval,0.21179117293770275,0.343660551153654,0.12830903808551705,0.22483229867291743,3193.850563138694,5.947080291970803,,,,6.0
D:\Abubakar Data\Research\results\das\yolov8n_das_n6_smoke6.json,das,yolov8n,yolov8n_das_n6_smoke6,0.21441180755957476,0.33671132500000944,0.14053526242348907,0.17873562406769677,2816.130730000441,6.0,,,,6.0
D:\Abubakar Data\Research\results\das\yolov8n_das_n8.json,das,yolov8n,yolov8n_das_n8,0.23821241905767965,0.3640864179522598,0.12998721702563573,0.2136086646822565,6343.9932800000315,7.54,,,,8.0
D:\Abubakar Data\Research\results\das\yolov8n_das_n8_fullval.json,das,yolov8n,yolov8n_das_n8_fullval,0.2085122547096391,0.3385873125031567,0.12620977671639544,0.22811188772937402,3765.7403474452813,7.877737226277373,,,,8.0
D:\Abubakar Data\Research\results\das\tune\yolov8n_das_n4_tau0.15_k10.0.json,das,yolov8n,yolov8n_das_n4_tau0.15_k10.0,0.2846183819732612,0.43607596302838686,0.11819776069630757,0.19365669546687955,3153.6456159999216,4.0,,,,4.0
D:\Abubakar Data\Research\results\das\tune\yolov8n_das_n4_tau0.15_k6.0.json,das,yolov8n,yolov8n_das_n4_tau0.15_k6.0,0.2917597246606362,0.4441133448697197,0.11376519228153736,0.1863598971472615,3608.255449999633,4.0,,,,4.0
D:\Abubakar Data\Research\results\das\tune\yolov8n_das_n4_tau0.15_k8.0.json,das,yolov8n,yolov8n_das_n4_tau0.15_k8.0,0.28365243054152023,0.433419279365167,0.11716125144749809,0.19011440354670614,3011.5274760003376,4.0,,,,4.0
D:\Abubakar Data\Research\results\das\tune\yolov8n_das_n4_tau0.1_k10.0.json,das,yolov8n,yolov8n_das_n4_tau0.1_k10.0,0.28454198536027936,0.4354857917335769,0.1153127425902672,0.19256093241127714,3643.5471040000266,4.0,,,,4.0
D:\Abubakar Data\Research\results\das\tune\yolov8n_das_n4_tau0.1_k6.0.json,das,yolov8n,yolov8n_das_n4_tau0.1_k6.0,0.29317372035896944,0.4471267305999702,0.11145992453423167,0.18898272726668813,4284.453979999671,4.0,,,,4.0
D:\Abubakar Data\Research\results\das\tune\yolov8n_das_n4_tau0.1_k8.0.json,das,yolov8n,yolov8n_das_n4_tau0.1_k8.0,0.28255274839486544,0.43113385685104133,0.1174017913424192,0.19580883145427877,4657.791714000268,4.0,,,,4.0
D:\Abubakar Data\Research\results\das\tune\yolov8n_das_n4_tau0.25_k10.0.json,das,yolov8n,yolov8n_das_n4_tau0.25_k10.0,0.28943567337003384,0.43909904569700503,0.134171863949381,0.1921054303444404,4817.015513999868,4.0,,,,4.0
D:\Abubakar Data\Research\results\das\tune\yolov8n_das_n4_tau0.25_k6.0.json,das,yolov8n,yolov8n_das_n4_tau0.25_k6.0,0.2902062949961852,0.4424672494366479,0.11682783375749334,0.1859771947874824,3463.0737199999567,4.0,,,,4.0
D:\Abubakar Data\Research\results\das\tune\yolov8n_das_n4_tau0.25_k8.0.json,das,yolov8n,yolov8n_das_n4_tau0.25_k8.0,0.28806496247535524,0.4391151210105033,0.11724178564769187,0.18979432908811003,3591.221665999765,4.0,,,,4.0
D:\Abubakar Data\Research\results\das\tune\yolov8n_das_n6_tau0.15_k10.0.json,das,yolov8n,yolov8n_das_n6_tau0.15_k10.0,0.2849244867541912,0.43666145942758317,0.11867695790644256,0.19697400655685285,4362.930347999936,6.0,,,,6.0
D:\Abubakar Data\Research\results\das\tune\yolov8n_das_n6_tau0.15_k6.0.json,das,yolov8n,yolov8n_das_n6_tau0.15_k6.0,0.28150582497530646,0.42889770541759886,0.11176413718700372,0.1885430002284317,4177.336904000185,6.0,,,,6.0
D:\Abubakar Data\Research\results\das\tune\yolov8n_das_n6_tau0.15_k8.0.json,das,yolov8n,yolov8n_das_n6_tau0.15_k8.0,0.2785531500039383,0.4268069615908177,0.11598644427974723,0.19333687715055944,4211.854680000033,6.0,,,,6.0
D:\Abubakar Data\Research\results\das\tune\yolov8n_das_n6_tau0.1_k10.0.json,das,yolov8n,yolov8n_das_n6_tau0.1_k10.0,0.28806467338437536,0.4394654424133213,0.1198973356105444,0.19980175611426443,5012.746801999892,6.0,,,,6.0
D:\Abubakar Data\Research\results\das\tune\yolov8n_das_n6_tau0.1_k6.0.json,das,yolov8n,yolov8n_das_n6_tau0.1_k6.0,0.2906740767682031,0.4421111502666626,0.11079819537532168,0.1891493275057185,5243.557829999918,6.0,,,,6.0
D:\Abubakar Data\Research\results\das\tune\yolov8n_das_n6_tau0.1_k8.0.json,das,yolov8n,yolov8n_das_n6_tau0.1_k8.0,0.27534435112088124,0.42445624333885557,0.11890735584102816,0.19886500064583587,5744.330189999964,6.0,,,,6.0
D:\Abubakar Data\Research\results\das\tune\yolov8n_das_n6_tau0.25_k10.0.json,das,yolov8n,yolov8n_das_n6_tau0.25_k10.0,0.28262034903582145,0.43006854360685687,0.13035729529199938,0.194286121202283,4749.739295999971,6.0,,,,6.0
D:\Abubakar Data\Research\results\das\tune\yolov8n_das_n6_tau0.25_k6.0.json,das,yolov8n,yolov8n_das_n6_tau0.25_k6.0,0.2837781472089565,0.43269059713994035,0.11464105086319809,0.18521956262068018,5519.190424000262,6.0,,,,6.0
D:\Abubakar Data\Research\results\das\tune\yolov8n_das_n6_tau0.25_k8.0.json,das,yolov8n,yolov8n_das_n6_tau0.25_k8.0,0.28723826479069087,0.4372488121774722,0.11964036499914833,0.1953858777764639,5103.86133400003,6.0,,,,6.0
D:\Abubakar Data\Research\results\das\tune\yolov8n_das_n8_tau0.15_k10.0.json,das,yolov8n,yolov8n_das_n8_tau0.15_k10.0,0.2831161589804929,0.43373927854652927,0.1206123395710211,0.199387759726417,6370.286294000034,7.92,,,,8.0
D:\Abubakar Data\Research\results\das\tune\yolov8n_das_n8_tau0.15_k6.0.json,das,yolov8n,yolov8n_das_n8_tau0.15_k6.0,0.2809030861850079,0.4271153189251377,0.11237542409695402,0.1878193679696696,5617.510503999874,8.0,,,,8.0
D:\Abubakar Data\Research\results\das\tune\yolov8n_das_n8_tau0.15_k8.0.json,das,yolov8n,yolov8n_das_n8_tau0.15_k8.0,0.27620438785439816,0.42377978236181046,0.11927225398796558,0.2004582704243893,5382.072683999868,7.98,,,,8.0
D:\Abubakar Data\Research\results\das\tune\yolov8n_das_n8_tau0.1_k10.0.json,das,yolov8n,yolov8n_das_n8_tau0.1_k10.0,0.2806520247476255,0.4320037257614001,0.1216762530769566,0.2019406229270414,6209.806622000033,7.92,,,,8.0
D:\Abubakar Data\Research\results\das\tune\yolov8n_das_n8_tau0.1_k6.0.json,das,yolov8n,yolov8n_das_n8_tau0.1_k6.0,0.2845091079094141,0.4341379960207659,0.10635997464340977,0.18998392225758332,7530.344861999838,8.0,,,,8.0
D:\Abubakar Data\Research\results\das\tune\yolov8n_das_n8_tau0.1_k8.0.json,das,yolov8n,yolov8n_das_n8_tau0.1_k8.0,0.2655213841848365,0.4109210239883475,0.11493888224565592,0.19835586448472256,7238.54509199984,7.98,,,,8.0
D:\Abubakar Data\Research\results\das\tune\yolov8n_das_n8_tau0.25_k10.0.json,das,yolov8n,yolov8n_das_n8_tau0.25_k10.0,0.28059075185615473,0.4286941582314276,0.13335279797844368,0.20338002122350812,6140.938764000239,7.92,,,,8.0
D:\Abubakar Data\Research\results\das\tune\yolov8n_das_n8_tau0.25_k6.0.json,das,yolov8n,yolov8n_das_n8_tau0.25_k6.0,0.2744601359540284,0.4188873263863827,0.11024319647065095,0.18534571500511882,6362.931648000085,8.0,,,,8.0
D:\Abubakar Data\Research\results\das\tune\yolov8n_das_n8_tau0.25_k8.0.json,das,yolov8n,yolov8n_das_n8_tau0.25_k8.0,0.2808847928192113,0.4305032656465658,0.11929828055055791,0.19848654934976726,5932.026396000074,7.96,,,,8.0
D:\Abubakar Data\Research\results\das_v2\yolov8n_das_n4_v2.json,das,yolov8n,yolov8n_das_n4_v2,0.25606712756870287,0.4116746817377277,0.1861343730702317,0.27849322952749495,2313.627692518164,3.9981751824817517,,,,4.0
D:\Abubakar Data\Research\results\das_v2\yolov8n_das_n4_v2smoke.json,das,yolov8n,yolov8n_das_n4_v2smoke,0.274514470569221,0.40998522661863435,0.18499941894611246,0.2756107721462132,2525.2366899997287,3.98,,,,4.0
D:\Abubakar Data\Research\results\das_v2\yolov8n_das_n6_v2.json,das,yolov8n,yolov8n_das_n6_v2,0.25688836087431444,0.41475419300568944,0.18887375187698677,0.28754083438171435,3144.3249208029697,5.985401459854015,,,,6.0
D:\Abubakar Data\Research\results\das_v2\yolov8n_full.json,full,yolov8n,yolov8n_full,0.245972246909474,0.3834305614702874,0.15544347826132487,0.2106081057047914,328.29361897844126,0.0,,,,
D:\Abubakar Data\Research\results\ablations\yolov8n_das_n6_both_priors.json,das,yolov8n,yolov8n_das_n6_both_priors,0.24295501652855744,0.3714667304771981,0.12812209598729,0.20848107772977192,4468.052990000069,5.88,,,,6.0
D:\Abubakar Data\Research\results\ablations\yolov8n_das_n6_coarse_only.json,das,yolov8n,yolov8n_das_n6_coarse_only,0.23327717085350944,0.35267334244818654,0.11176766863298036,0.23377574492906525,4687.027442000035,5.6,,,,6.0
D:\Abubakar Data\Research\results\ablations\yolov8n_das_n6_fixed_slice.json,das,yolov8n,yolov8n_das_n6_fixed_slice,0.27571170107918413,0.40490557880243444,0.15764491435639305,0.25340137615322145,4348.581379999741,5.74,,,,6.0
D:\Abubakar Data\Research\results\ablations\yolov8n_das_n6_fusion_nms.json,das,yolov8n,yolov8n_das_n6_fusion_nms,0.25159755210181944,0.381557383602546,0.12343204694594812,0.21058815664596214,4373.922673999768,5.88,,,,6.0
D:\Abubakar Data\Research\results\ablations\yolov8n_das_n6_fusion_wbf.json,das,yolov8n,yolov8n_das_n6_fusion_wbf,0.24295501652855744,0.3714667304771981,0.12812209598729,0.20848107772977192,4529.886993999826,5.88,,,,6.0
D:\Abubakar Data\Research\results\ablations\yolov8n_das_n6_image_only.json,das,yolov8n,yolov8n_das_n6_image_only,0.26524601041707885,0.3887452162396831,0.1383134979497223,0.18893388514480253,4933.623056000288,5.98,,,,6.0
D:\Abubakar Data\Research\results\ablations\yolov8n_das_n6_scale_adaptive.json,das,yolov8n,yolov8n_das_n6_scale_adaptive,0.24295501652855744,0.3714667304771981,0.12812209598729,0.20848107772977192,4370.389895999833,5.88,,,,6.0
